{
  "candidates": {
    "elastic_net": {
      "cv": {
        "mae": 43.85435651221897,
        "rmse": 53.92143374678373,
        "r2": 0.47814078455803244
      },
      "validation": {
        "mae": 53.41944797613201,
        "rmse": 64.31577175717413,
        "r2": 0.3759621094836272
      }
    },
    "random_forest": {
      "cv": {
        "mae": 45.30935008938932,
        "rmse": 55.29348945458325,
        "r2": 0.4473196365340074
      },
      "validation": {
        "mae": 55.24101886345273,
        "rmse": 64.78240529767137,
        "r2": 0.36687403137695784
      }
    },
    "gradient_boosting": {
      "cv": {
        "mae": 47.45038664164744,
        "rmse": 59.7905277846764,
        "r2": 0.35093805948791457
      },
      "validation": {
        "mae": 53.8904090154867,
        "rmse": 65.32557591614587,
        "r2": 0.356212583266207
      }
    },
    "hist_gradient_boosting": {
      "cv": {
        "mae": 45.42847339987706,
        "rmse": 56.655432232138615,
        "r2": 0.41829889631757916
      },
      "validation": {
        "mae": 54.313333385280444,
        "rmse": 65.23700864444857,
        "r2": 0.3579570712991277
      }
    }
  },
  "best_model": "elastic_net",
  "test_metrics": {
    "mae": 43.097266563812276,
    "rmse": 53.315529498886995,
    "r2": 0.5173506273851498
  },
  "test_predictions": {
    "mean": 141.98299123360903,
    "std": 55.945915123117956
  }
}